{
  "Get All Tasks" : {
    "transaction" : "Get All Tasks",
    "sampleCount" : 500,
    "errorCount" : 0,
    "errorPct" : 0.0,
    "meanResTime" : 11.113999999999987,
    "medianResTime" : 9.0,
    "minResTime" : 7.0,
    "maxResTime" : 217.0,
    "pct1ResTime" : 11.0,
    "pct2ResTime" : 13.0,
    "pct3ResTime" : 113.08000000000084,
    "throughput" : 8.402231632721652,
    "receivedKBytesPerSec" : 543.314226133461,
    "sentKBytesPerSec" : 1.2554115623109496
  },
  "Total" : {
    "transaction" : "Total",
    "sampleCount" : 2000,
    "errorCount" : 0,
    "errorPct" : 0.0,
    "meanResTime" : 4.221499999999993,
    "medianResTime" : 2.0,
    "minResTime" : 1.0,
    "maxResTime" : 217.0,
    "pct1ResTime" : 9.0,
    "pct2ResTime" : 10.0,
    "pct3ResTime" : 16.0,
    "throughput" : 33.60610286828088,
    "receivedKBytesPerSec" : 548.2077576537899,
    "sentKBytesPerSec" : 6.56369196646111
  },
  "Update Task" : {
    "transaction" : "Update Task",
    "sampleCount" : 500,
    "errorCount" : 0,
    "errorPct" : 0.0,
    "meanResTime" : 1.9500000000000015,
    "medianResTime" : 2.0,
    "minResTime" : 1.0,
    "maxResTime" : 18.0,
    "pct1ResTime" : 3.0,
    "pct2ResTime" : 3.0,
    "pct3ResTime" : 5.0,
    "throughput" : 8.462814393554721,
    "receivedKBytesPerSec" : 2.000001057851799,
    "sentKBytesPerSec" : 1.9586787219457702
  },
  "Create Task" : {
    "transaction" : "Create Task",
    "sampleCount" : 500,
    "errorCount" : 0,
    "errorPct" : 0.0,
    "meanResTime" : 2.212000000000001,
    "medianResTime" : 2.0,
    "minResTime" : 1.0,
    "maxResTime" : 18.0,
    "pct1ResTime" : 3.0,
    "pct2ResTime" : 3.0,
    "pct3ResTime" : 17.0,
    "throughput" : 8.460093737838616,
    "receivedKBytesPerSec" : 1.9745726595150674,
    "sentKBytesPerSec" : 1.9002163668973453
  },
  "Delete Task" : {
    "transaction" : "Delete Task",
    "sampleCount" : 500,
    "errorCount" : 0,
    "errorPct" : 0.0,
    "meanResTime" : 1.6099999999999999,
    "medianResTime" : 1.0,
    "minResTime" : 1.0,
    "maxResTime" : 15.0,
    "pct1ResTime" : 2.0,
    "pct2ResTime" : 3.0,
    "pct3ResTime" : 5.0,
    "throughput" : 8.463387386167438,
    "receivedKBytesPerSec" : 1.0000682360608009,
    "sentKBytesPerSec" : 1.487704813974745
  }
}